"﻿""round""",source_role,source_path,copied_file,format,n_rows,n_columns_or_keys,sha256,redistribution_boundary
R41,degree null city summary,data/R41_degree_preserving_nulls/degree_preserving_nulls_city_summary.csv,tables/R41_degree_preserving_nulls_city_summary.csv,csv,8.0,22.0,72d8abcc2a76209c87a0355342ab4a4bd181c05ed0856bedb25238619b70110c,derived project table; raw OSM/Geofabrik archives excluded
R41,degree null replicates,data/R41_degree_preserving_nulls/degree_preserving_nulls_replicates.csv,tables/R41_degree_preserving_nulls_replicates.csv,csv,48.0,10.0,1ce9fa93ff941a98f78d7c8a0dea4847d9522f49ae955fb31d405a8ad6216e55,derived project table; raw OSM/Geofabrik archives excluded
R41,degree null summary metrics,data/R41_degree_preserving_nulls/degree_preserving_nulls_summary.json,tables/R41_degree_preserving_nulls_summary.json,json,1.0,6.0,86446f30ee678198246455e3ea8f51965e32025e44f1f8e94ab026fbbb1860bb,derived project table; raw OSM/Geofabrik archives excluded
R56,spatial-scale null city summary,data/R56_spatial_length_constrained_nulls/spatial_length_constrained_nulls_city_summary.csv,tables/R56_spatial_length_constrained_nulls_city_summary.csv,csv,8.0,33.0,c633d401e8825fee5e93039e8655bb0b87c8455404ea242472b6745b2efb6885,derived project table; raw OSM/Geofabrik archives excluded
R56,spatial-scale null replicates,data/R56_spatial_length_constrained_nulls/spatial_length_constrained_nulls_replicates.csv,tables/R56_spatial_length_constrained_nulls_replicates.csv,csv,32.0,20.0,0389cdc24f32cac48b48c38dd871acc889dd831e7ab8bdf783629678c81ca4a2,derived project table; raw OSM/Geofabrik archives excluded
R56,spatial-scale null summary metrics,data/R56_spatial_length_constrained_nulls/spatial_length_constrained_nulls_summary.json,tables/R56_spatial_length_constrained_nulls_summary.json,json,1.0,4.0,0f160f0831124a1466974a91231fc53b6ea96a94a67df3ddea48a032748584bc,derived project table; raw OSM/Geofabrik archives excluded
R61,71-city center-window screen,data/R61_city_window_scale_screen/central_window_screen_results.csv,tables/R61_central_window_screen_results.csv,csv,71.0,31.0,20300f941ffe0d041a5a82d4cdd4ff6a6162aabfcb58507c546e34d4f0b98c0b,derived project table; raw OSM/Geofabrik archives excluded
R61,71-city screen summary metrics,data/R61_city_window_scale_screen/R61_summary.json,tables/R61_R61_summary.json,json,1.0,16.0,5d74be60727048469933f0e75c4aba92c2ae073edb314ec78f3fedfd6009353b,derived project table; raw OSM/Geofabrik archives excluded
R62,urban-form covariates,data/R62_urban_form_mechanism/urban_form_covariates.csv,tables/R62_urban_form_covariates.csv,csv,71.0,47.0,f2dc1b89544ba7c183fc584951d5c006a2c7e5f4bc3e5c3f6fd507f900325d04,derived project table; raw OSM/Geofabrik archives excluded
R62,urban-form correlations,data/R62_urban_form_mechanism/urban_form_correlations.csv,tables/R62_urban_form_correlations.csv,csv,27.0,7.0,dc36d3dfbbc5f5fcc8539cc426a3608dfd1ba44f5fc3dc37f0d4afc12e6207ae,derived project table; raw OSM/Geofabrik archives excluded
R62,geometry-null subset registry,data/R62_urban_form_mechanism/geometry_null_subset_registry.csv,tables/R62_geometry_null_subset_registry.csv,csv,21.0,48.0,797b79295e6b207aca0c6b08f12fb4bf2883ccea6de46c90d438486c89144078,derived project table; raw OSM/Geofabrik archives excluded
R62,urban-form model summary,data/R62_urban_form_mechanism/urban_form_model_summary.json,tables/R62_urban_form_model_summary.json,json,1.0,9.0,22cac856499ed50c745afaa6805a43a5be1d167116b0f02c265e59444a72bdee,derived project table; raw OSM/Geofabrik archives excluded
R63,high-order embedded metrics,data/R63_high_order_external_covariates/high_order_embedded_metrics.csv,tables/R63_high_order_embedded_metrics.csv,csv,71.0,19.0,3749aadf8e17ac2240b75d3c5e04b4f34741fb26862a5ee9dc4cf06ec3f14c2a,derived project table; raw OSM/Geofabrik archives excluded
R63,integrated high-order covariates,data/R63_high_order_external_covariates/integrated_high_order_external_covariates.csv,tables/R63_integrated_high_order_external_covariates.csv,csv,71.0,77.0,d3c339a47d3cd96fa1759159e65fcc99e195ff1b5e3a242dfb45cf32709a2f24,derived project table; raw OSM/Geofabrik archives excluded
R63,high-order/external correlations,data/R63_high_order_external_covariates/high_order_external_correlations.csv,tables/R63_high_order_external_correlations.csv,csv,14.0,8.0,074ef272d276a27936d0e8b963c4eecacdcbe071a807d13865bfc3b3789d39e5,derived project table; raw OSM/Geofabrik archives excluded
R63,high-order model summary,data/R63_high_order_external_covariates/R63_model_summary.json,tables/R63_R63_model_summary.json,json,1.0,9.0,f3affbf1becf2d71e4696582314ce2947d0aaea10e51b6f0337754aaeb0947f2,derived project table; raw OSM/Geofabrik archives excluded
R64,71-city spatial null screen,data/R64_71city_spatial_null_screen/spatial_null_screen_summary.csv,tables/R64_spatial_null_screen_summary.csv,csv,71.0,34.0,347e13adba6b4b3133f36078fcab2d2abf3d39412beef92febf8b1e1ca654d04,derived project table; raw OSM/Geofabrik archives excluded
R64,71-city spatial null summary metrics,data/R64_71city_spatial_null_screen/R64_summary.json,tables/R64_R64_summary.json,json,1.0,10.0,5cd8b5da0864546a42186ec2f3055dd2c8227b760a17a80c55f05ce624d37283,derived project table; raw OSM/Geofabrik archives excluded
R65,official public data source registry,data/R65_public_covariates_and_controls/public_data_source_registry.csv,tables/R65_public_data_source_registry.csv,csv,5.0,6.0,a10fcbe4c83a0b3d88155ac72dcde9e65a5318342a125cdcc086550765af633b,derived project table; raw OSM/Geofabrik archives excluded
R65,GHSL match QC,data/R65_public_covariates_and_controls/ghsl_match_qc.csv,tables/R65_ghsl_match_qc.csv,csv,71.0,11.0,c5316ea94fb247976c5d97a64f876869c71228a636d6f388e52bac862be41d4c,derived project table; raw OSM/Geofabrik archives excluded
R65,integrated public covariates,data/R65_public_covariates_and_controls/R65_integrated_public_covariates.csv,tables/R65_R65_integrated_public_covariates.csv,csv,71.0,144.0,3146509a5497d49be5123b3402a7a6bca037efa79688159572c80525295c338c,derived project table; raw OSM/Geofabrik archives excluded
R65,model comparison,data/R65_public_covariates_and_controls/R65_model_comparison.csv,tables/R65_R65_model_comparison.csv,csv,10.0,8.0,748ad4ae5f8554ad6850ec3a7fc3022c542fe92d8b3e77090797bddd19215eec,derived project table; raw OSM/Geofabrik archives excluded
R65,external correlations,data/R65_public_covariates_and_controls/R65_external_correlations.csv,tables/R65_R65_external_correlations.csv,csv,40.0,9.0,b44cd6bf8aa34044e9836bb96d3e3c5f5fb6e18479a1a1213857da93a49a71c3,derived project table; raw OSM/Geofabrik archives excluded
R65,WDI country controls latest values,data/R65_public_covariates_and_controls/wdi_country_controls.csv,tables/R65_wdi_country_controls.csv,csv,53.0,14.0,9446430ef80ee7edf275df6c51dc07f8eac695270a2613812a8a2b3a5078f96d,derived project table; raw OSM/Geofabrik archives excluded
R67,geometry null city summary,data/R67_geometry_null_sensitivity/geometry_null_sensitivity_city_summary.csv,tables/R67_geometry_null_sensitivity_city_summary.csv,csv,54.0,37.0,4090c42308c9c22b45828ed3d156105ca50e8a5cc128b6f3c420639ad4c5d3f8,derived project table; raw OSM/Geofabrik archives excluded
R67,geometry null fraction summary,data/R67_geometry_null_sensitivity/geometry_null_sensitivity_fraction_summary.csv,tables/R67_geometry_null_sensitivity_fraction_summary.csv,csv,3.0,18.0,c54fda77deb9752e4c4eb922c321a16ba9468781b305c24c561aa38dd37a521a,derived project table; raw OSM/Geofabrik archives excluded
R67,geometry null replicates,data/R67_geometry_null_sensitivity/geometry_null_sensitivity_replicates.csv,tables/R67_geometry_null_sensitivity_replicates.csv,csv,162.0,68.0,f647855cca481982b4fd91957cb73a21d271e8baac6cc634a941221ab8f4e0cf,derived project table; raw OSM/Geofabrik archives excluded
R67,geometry null summary metrics,data/R67_geometry_null_sensitivity/R67_summary.json,tables/R67_R67_summary.json,json,1.0,17.0,59f42b0bff5011146ce10d1e6590fa98c120288047f4befb7104f66d362a217f,derived project table; raw OSM/Geofabrik archives excluded
R68,full 71-city geometry null city summary,data/R68_full71_geometry_null_ensemble/full71_geometry_null_city_summary.csv,tables/R68_full71_geometry_null_city_summary.csv,csv,71.0,29.0,d109686e20dbaaf8406f2285cc696dd9fb4754f7844a5918d4e8eea15378507a,derived project table; raw OSM/Geofabrik archives excluded
R68,full 71-city geometry null macro-region summary,data/R68_full71_geometry_null_ensemble/full71_geometry_null_macro_region_summary.csv,tables/R68_full71_geometry_null_macro_region_summary.csv,csv,7.0,9.0,10c48d2801cdd530d487fcb23d1a0ab12defd4d070fd330bf875f255e9b12a31,derived project table; raw OSM/Geofabrik archives excluded
R68,full 71-city geometry null replicates,data/R68_full71_geometry_null_ensemble/full71_geometry_null_replicates.csv,tables/R68_full71_geometry_null_replicates.csv,csv,71.0,69.0,685193cb773c4dd7c36d6598b061b6da55e6a5b5e10c6fb6e5923794414c43e9,derived project table; raw OSM/Geofabrik archives excluded
R68,full 71-city geometry null summary metrics,data/R68_full71_geometry_null_ensemble/R68_summary.json,tables/R68_R68_summary.json,json,1.0,22.0,c017c9e839be5d83e09be8378cc298bf06f33f5b03723bf10648d0e80a2e8862,derived project table; raw OSM/Geofabrik archives excluded
R72,matched-intensity geometry vs spatial city table,data/R72_geometry_defense/matched_intensity_geometry_vs_spatial_city.csv,tables/R72_matched_intensity_geometry_vs_spatial_city.csv,csv,54.0,44.0,9622b693c0e01ea985e38e6d34608efb46bfe66bd6e35eb504399c61f1b3257c,derived project table; raw OSM/Geofabrik archives excluded
R72,matched-intensity summary,data/R72_geometry_defense/matched_intensity_summary.csv,tables/R72_matched_intensity_summary.csv,csv,3.0,17.0,091af9195a790b14b0610db6ca24540f60d320d8e1b2beca62aa3415c0a0f1fb,derived project table; raw OSM/Geofabrik archives excluded
R72,matched-intensity spatial null replicates,data/R72_geometry_defense/matched_intensity_spatial_null_replicates.csv,tables/R72_matched_intensity_spatial_null_replicates.csv,csv,63.0,34.0,30fb501ecc741569825338270e6d8a0ad59417c759015554857d5bc79d351d53,derived project table; raw OSM/Geofabrik archives excluded
R75,geometry mobility and graph-distance proxy,data/R75_submission_hardening/R72_geometry_null_mobility_summary.csv,tables/R72_geometry_null_mobility_summary.csv,csv,3.0,15.0,5c0e3a6c6718b997d8a9b59c554df2950471a5163069edca8de8d487e5cc2012,derived project table; raw OSM/Geofabrik archives excluded
R72,matched-intensity contrast summary metrics,data/R72_geometry_defense/R72_summary.json,tables/R72_R72_summary.json,json,1.0,22.0,0c5d43a80261d43bd7faad8ec8e2845bc612162946ac73eb5d7879fb5fea899e,derived project table; raw OSM/Geofabrik archives excluded
R39,threshold estimator sensitivity,data/R39_threshold_sensitivity/threshold_sensitivity_source_data.csv,tables/R39_threshold_sensitivity_source_data.csv,csv,8.0,30.0,52c50001225d8c1b9d05f016a19682f38ae01f546181c900c103d71e512d1f07,derived project table; raw OSM/Geofabrik archives excluded
R39,threshold estimator curves,data/R39_threshold_sensitivity/threshold_curves_source_data.csv,tables/R39_threshold_curves_source_data.csv,csv,336.0,5.0,09e689d40b747bacb39df01aafb07a4168574a3d0e5c5dfc92d4ef2302a8157e,derived project table; raw OSM/Geofabrik archives excluded
R39,threshold estimator sensitivity summary,data/R39_threshold_sensitivity/threshold_sensitivity.json,tables/R39_threshold_sensitivity.json,json,1.0,5.0,f4aecfb9e2f7f62663060a65b74df6f7c6664f6c00185bb4729642cb41140510,derived project table; raw OSM/Geofabrik archives excluded
R73,nested urban-form model summary,data/R73_urban_form_nested_cv/nested_model_summary.csv,tables/R73_nested_model_summary.csv,csv,10.0,17.0,ce4009a25c93c6381ef211096543bfc88855ffcbde6fb465085b0b7649507424,derived project table; raw OSM/Geofabrik archives excluded
R73,nested urban-form predictions,data/R73_urban_form_nested_cv/nested_model_predictions.csv,tables/R73_nested_model_predictions.csv,csv,710.0,9.0,26d89eab94388750d47146ef0ae94f7ffdee0e2fe6c163b477e52b1ad6ab95b5,derived project table; raw OSM/Geofabrik archives excluded
R75,nested validation submission alias,data/R75_submission_hardening/R73_leave_region_out_region_summary.csv,tables/R73_leave_region_out_region_summary.csv,csv,70.0,7.0,e93a528a4337eb3155d792ebb870c21f4b42ac633ee376588ae78fda36681cf0,derived project table; raw OSM/Geofabrik archives excluded
R73,nested urban-form summary metrics,data/R73_urban_form_nested_cv/R73_summary.json,tables/R73_R73_summary.json,json,1.0,11.0,7758554ca98aec056ce87ea5f8be8b1cbd1ff5f7243b5e4cc4ef188ea0274e7a,derived project table; raw OSM/Geofabrik archives excluded
R62,urban-form PCA scores,data/R62_urban_form_mechanism/urban_form_pca_scores.csv,tables/R62_urban_form_pca_scores.csv,csv,71.0,7.0,3b5803cab4e78bc22fdeaaee38213d28ebdc85a27511e8f02fb29dfaed73a16e,derived project table; raw OSM/Geofabrik archives excluded
R62,geometry-null pilot summary,data/R62_urban_form_mechanism/geometry_null_pilot_summary.csv,tables/R62_geometry_null_pilot_summary.csv,csv,21.0,17.0,39db36019bfcd6433c221bdeb3ab19621471794a4863aadba053a9846e33d129,derived project table; raw OSM/Geofabrik archives excluded
R62,geometry-null pilot replicates,data/R62_urban_form_mechanism/geometry_null_pilot_replicates.csv,tables/R62_geometry_null_pilot_replicates.csv,csv,21.0,33.0,465c5c3e8ff7272e9a7b3d98007e8b0fa4a988267532b0db5c6b4b10580ec3ec,derived project table; raw OSM/Geofabrik archives excluded
R75,geometry mobility and graph-distance proxy,data/R75_submission_hardening/R72_geometry_graph_distance_summary.csv,tables/R72_geometry_graph_distance_summary.csv,csv,3.0,12.0,4fbdf62658e2832d9b605ff284d6b27855e53dfc76a51d042ee244c6aa56b88d,derived project table; raw OSM/Geofabrik archives excluded
R75,geometry mobility and graph-distance proxy,data/R75_submission_hardening/R72_geometry_rejection_reason_summary.csv,tables/R72_geometry_rejection_reason_summary.csv,csv,3.0,12.0,ca3fed8d77268367afa1afc56d55e740fac1da2e0a16d936c7c42bf6d27a553f,derived project table; raw OSM/Geofabrik archives excluded
R75,edge-overlap availability and turnover proxy,data/R75_submission_hardening/R72_geometry_edge_jaccard_by_city.csv,tables/R72_geometry_edge_jaccard_by_city.csv,csv,54.0,19.0,aa5a51e898fa7cd59cb0f8be0175a590576c30d41a57acaf8422dd005f17c1cc,derived project table; raw OSM/Geofabrik archives excluded
R75,nested validation submission alias,data/R75_submission_hardening/R73_feature_groups.csv,tables/R73_feature_groups.csv,csv,176.0,5.0,a34ae2a92dab21f57cd43f01fbc2bb58fca45e601fa61c2fbc9b70a0471ff5b7,derived project table; raw OSM/Geofabrik archives excluded
R75,nested validation submission alias,data/R75_submission_hardening/R73_leave_region_out_predictions.csv,tables/R73_leave_region_out_predictions.csv,csv,710.0,7.0,88094f500a23d78df19f8e61db31c208a6cde59416f4e747f782a35d30f35394,derived project table; raw OSM/Geofabrik archives excluded
R75,nested validation submission alias,data/R75_submission_hardening/R73_nested_model_ladder_city_predictions.csv,tables/R73_nested_model_ladder_city_predictions.csv,csv,710.0,9.0,5415a1e3592824769df2b6cf6e44b4e9ee810395f2e7af260065f090eb7e3cd9,derived project table; raw OSM/Geofabrik archives excluded
R75,nested validation submission alias,data/R75_submission_hardening/R73_nested_model_ladder_summary.csv,tables/R73_nested_model_ladder_summary.csv,csv,10.0,17.0,eadb478d2578d02b4d28121f06238409c44fc3ad3013a6321c75fab886b7c1f3,derived project table; raw OSM/Geofabrik archives excluded
R75,figure source data,data/R75_submission_hardening/Fig4_nested_validation_source_data.csv,figures/Fig4_nested_validation_source_data.csv,csv,10.0,11.0,3d672cb6b3f5ac9998355850acba648fe6945927467141b68694d0437c5f3cea,derived project table; raw OSM/Geofabrik archives excluded
R78,observed-road fine-grid estimator check,data/R78_observed_road_fine_estimator_check/R78_observed_road_fine_estimator_21city.csv,tables/R78_observed_road_fine_estimator_21city.csv,csv,21.0,24.0,adfe41637da250a2703a184edf32d41b5092b05144b22e5b814edec72fcebc98,derived project table; raw OSM/Geofabrik archives excluded
R78,observed-road fine-grid estimator summary,data/R78_observed_road_fine_estimator_check/R78_observed_road_fine_estimator_summary.json,tables/R78_observed_road_fine_estimator_summary.json,json,1.0,17.0,eeafcb440347fba9eb1b80b99999de93c4c7df251dae29b8986b0c5163a42ab3,derived project table; raw OSM/Geofabrik archives excluded
R78,matched-intensity contrast with fine observed-road thresholds,data/R78_observed_road_fine_estimator_check/R78_matched_intensity_fine_observed_substitution.csv,tables/R78_matched_intensity_fine_observed_substitution.csv,csv,54.0,50.0,6e97c7c20951423857338d9dba6c6e2db0861c28b15e78fd5ea35f99e2245e25,derived project table; raw OSM/Geofabrik archives excluded
R78,matched-intensity fine-observed substitution summary,data/R78_observed_road_fine_estimator_check/R78_matched_intensity_fine_observed_summary.csv,tables/R78_matched_intensity_fine_observed_summary.csv,csv,3.0,10.0,43a92be507e3cf53dec860603613c37d050bd76dbfe6a35588201ce03c8df3c4,derived project table; raw OSM/Geofabrik archives excluded
R80,geometry-null fraction distance audit,data/R80_geometry_distance_audit/R80_geometry_null_fraction_distance_audit.csv,tables/R80_geometry_null_fraction_distance_audit.csv,csv,3.0,16.0,d28af2900c8f0e72ef08d728f52f2b8ae7d504744e16a528ddeeed6096c67856,derived project table/figure; raw OSM/Geofabrik archives excluded
R80,geometry-null embedded metric distance audit,data/R80_geometry_distance_audit/R80_geometry_null_metric_distance_audit.csv,tables/R80_geometry_null_metric_distance_audit.csv,csv,30.0,10.0,dcd8e2dc0891cf515847c92eabca3599d2f123a055be78b1b979302a5acecf05,derived project table/figure; raw OSM/Geofabrik archives excluded
R80,geometry-null city distance audit,data/R80_geometry_distance_audit/R80_geometry_null_city_distance_audit.csv,tables/R80_geometry_null_city_distance_audit.csv,csv,54.0,22.0,38d34c081090fc61015f32453405e6a0e3f4d17b4a39d51d2dac61ac4fbbb8df,derived project table/figure; raw OSM/Geofabrik archives excluded
R80,full-71 low-intensity distance audit,data/R80_geometry_distance_audit/R80_full71_low_intensity_distance_audit.csv,tables/R80_full71_low_intensity_distance_audit.csv,csv,10.0,8.0,89c8487641bcc559d24572ca06d8a25269689c7aed9e41585b1e904c0c26cdb4,derived project table/figure; raw OSM/Geofabrik archives excluded
R80,supplementary geometry-null distance-audit figure,figures/Fig_R80_geometry_null_distance_audit.svg,figures/FigS_geometry_null_distance_audit.svg,svg,,,efbc1cde49679db4e11a65322d62f8a26e6b9a1a35481170eff58626f37e0f6d,derived project table/figure; raw OSM/Geofabrik archives excluded
R76,Nested validation and public-control source data,data/R76_nested_validation_figure/Fig4_combined_nested_public_source_data.csv,figures/Fig4_combined_nested_public_source_data.csv,csv,40.0,11.0,c41564d48f0c203ec650e2f27f1d53662247ae6f3eeeec217300d6537bcdb30b,derived project table; raw OSM/Geofabrik archives excluded
R77,physics takeaway and matched-intensity main-result source data,data/R77_physics_takeaway/R77_matched_intensity_main_result_source_data.csv,figures/R77_matched_intensity_main_result_source_data.csv,csv,3.0,17.0,562a371f742922cf2ea9eba7b58b5946a1f519ed2751d48cb55fd8f1232f3c1b,derived project table; raw OSM/Geofabrik archives excluded
R77,physics takeaway and matched-intensity main-result source data,data/R77_physics_takeaway/R77_geometry_absorption_city_table.csv,tables/R77_geometry_absorption_city_table.csv,csv,71.0,40.0,6f77941ff8e20957b2f580d967c2580e77a396b81293432937ffa43a0be55145,derived project table; raw OSM/Geofabrik archives excluded
R77,physics takeaway and matched-intensity main-result source data,data/R77_physics_takeaway/R77_geometry_absorption_correlations.csv,tables/R77_geometry_absorption_correlations.csv,csv,9.0,8.0,947676740df96759ad9d31b943ab24e3531d4371c730f51335c9c3ba27af1c0d,derived project table; raw OSM/Geofabrik archives excluded
R77,physics takeaway and matched-intensity main-result source data,data/R77_physics_takeaway/R77_kappa_predictive_relation.csv,tables/R77_kappa_predictive_relation.csv,csv,71.0,8.0,427d8864f3dd74ef61a41262a9a5155a899ba9f93b2121267a79ba9c7e477409,derived project table; raw OSM/Geofabrik archives excluded
R77,physics takeaway and matched-intensity main-result source data,data/R77_physics_takeaway/R77_kappa_predictive_metrics.json,tables/R77_kappa_predictive_metrics.json,json,1.0,12.0,9e5a21afb036dc1d9c48acefa18c592c6954cbd86519b616ac6fe24a211a1587,derived project table; raw OSM/Geofabrik archives excluded
R81,full 71-city high-intensity geometry null city summary,data/R81_full71_high_intensity_geometry_null_ensemble/full71_geometry_null_city_summary.csv,tables/R81_full71_high_intensity_geometry_null_city_summary.csv,csv,142.0,29.0,29894f195bf98d99af1f1e380a7355560be2329880515d4ae724d8ea05e9701f,derived project table/figure; raw OSM/Geofabrik archives excluded
R81,full 71-city high-intensity geometry null macro-region summary,data/R81_full71_high_intensity_geometry_null_ensemble/full71_geometry_null_macro_region_summary.csv,tables/R81_full71_high_intensity_geometry_null_macro_region_summary.csv,csv,14.0,9.0,214800dc35992b6f4c2eec9fc55c4298150227a1737a9ae59084bfabd2f2cef9,derived project table/figure; raw OSM/Geofabrik archives excluded
R81,full 71-city high-intensity geometry null replicates,data/R81_full71_high_intensity_geometry_null_ensemble/full71_geometry_null_replicates.csv,tables/R81_full71_high_intensity_geometry_null_replicates.csv,csv,426.0,69.0,af8b54d4ee36e83e4a7cac1fd132c18673f50982822acad2ccc747ba5a6a8071,derived project table/figure; raw OSM/Geofabrik archives excluded
R81,full 71-city high-intensity geometry null summary metrics,data/R81_full71_high_intensity_geometry_null_ensemble/R81_summary.json,tables/R81_R81_summary.json,json,1.0,22.0,23213c22d00963794cd15c1bab4c62a6239dbd3fb10f8860f4f40fd9146847dd,derived project table/figure; raw OSM/Geofabrik archives excluded
R81,supplementary full-city high-intensity geometry-null figure,figures/Fig_R81_full71_high_intensity_geometry_null_ensemble.svg,figures/FigS_R81_full71_high_intensity_geometry_null_ensemble.svg,svg,,,f7b5c16fe34729a112bcd44988a1e92003615ba8a6decdbc18f52d7e90bc5eee,derived project table/figure; raw OSM/Geofabrik archives excluded
R81,supplementary full-city high-intensity geometry-null figure,figures/Fig_R81_full71_high_intensity_geometry_null_ensemble.pdf,figures/FigS_R81_full71_high_intensity_geometry_null_ensemble.pdf,pdf,,,8d7d14c0823f88283ad3513d073ee3122d085b119081b4e7b86ef53f72ae7221,derived project table/figure; raw OSM/Geofabrik archives excluded
R81,supplementary full-city high-intensity geometry-null figure,figures/Fig_R81_full71_high_intensity_geometry_null_ensemble.png,figures/FigS_R81_full71_high_intensity_geometry_null_ensemble.png,png,,,430a2ce688144744b62f657cf14ce32668a3996b5ebd7ab51b992693bc342e52,derived project table/figure; raw OSM/Geofabrik archives excluded
R90,fine-grid matched spatial and strict-geometry null thresholds,data/R90_finegrid_edge_audit/R90_finegrid_null_thresholds.csv,tables/R90_finegrid_null_thresholds.csv,csv,84.0,34.0,2a60ac1ecde0cbcccdd66a5cbe64852a0876fbd886541c45c210b76fe4aaac09,derived project table/figure; raw OSM/Geofabrik archives excluded
R90,exact edge-overlap and threshold-curve distance audit,data/R90_finegrid_edge_audit/R90_edge_overlap_audit.csv,tables/R90_edge_overlap_audit.csv,csv,84.0,22.0,3b79cf8fdb71f1934e3a48a99fd6e0cb405b60c9c7bb6d40e660bd92ac539ba4,derived project table/figure; raw OSM/Geofabrik archives excluded
R90,matched spatial-versus-geometry fine-grid pair summary,data/R90_finegrid_edge_audit/R90_spatial_geometry_pair_summary.csv,tables/R90_spatial_geometry_pair_summary.csv,csv,42.0,9.0,34d059feae8238e5e3ab3bd1ec09111ce937478cc0b390a694b35b68bbd2277e,derived project table/figure; raw OSM/Geofabrik archives excluded
R90,fine-grid and edge-overlap audit summary metrics,data/R90_finegrid_edge_audit/R90_summary.json,tables/R90_R90_summary.json,json,1.0,19.0,ffd877c1f525d8a707f6a717f9c14ae335cc7a63d2b38ff717b2fc5d2a961a7a,derived project table/figure; raw OSM/Geofabrik archives excluded
R90,supplementary fine-grid and edge-overlap audit figure,figures/Fig_R90_finegrid_edge_audit.svg,figures/FigS_R90_finegrid_edge_audit.svg,svg,,,92b7fea3beefa0139156389076f4196c39c3a185c9a988226a22a1da7fa2b888,derived project table/figure; raw OSM/Geofabrik archives excluded
R90,supplementary fine-grid and edge-overlap audit figure,figures/Fig_R90_finegrid_edge_audit.pdf,figures/FigS_R90_finegrid_edge_audit.pdf,pdf,,,db6395542bc3bb5b037ed1acac6bac87922557e8d380b68fb8a6cf054538326c,derived project table/figure; raw OSM/Geofabrik archives excluded
R90,supplementary fine-grid and edge-overlap audit figure,figures/Fig_R90_finegrid_edge_audit.png,figures/FigS_R90_finegrid_edge_audit.png,png,,,52abb8d493a6f4e8e5fa4cdd7a21ffdb0a879eab82f005329286dfd65d2153a7,derived project table/figure; raw OSM/Geofabrik archives excluded
R95,71-city non-backtracking spectral threshold proxy,data/R95_nonbacktracking_spectral_layer/N95_nonbacktracking_thresholds.csv,tables/N95_nonbacktracking_thresholds.csv,csv,71.0,29.0,7cd3ac6fbf01bc2eadf5712182fed8a86b07fdb66b08398a95b4a568a4ac7c28,derived project table/figure; raw OSM/Geofabrik archives excluded
R95,"CEBH, non-backtracking, spatial-null and geometry-null decomposition",data/R95_nonbacktracking_spectral_layer/N95_cebh_nb_geometry_decomposition.csv,tables/N95_cebh_nb_geometry_decomposition.csv,csv,71.0,51.0,154df467313391e96a055a157d6214a8b3ed6487a6cb277d3b395809ed61afb4,derived project table/figure; raw OSM/Geofabrik archives excluded
R95,non-backtracking spectral localization metrics,data/R95_nonbacktracking_spectral_layer/N95_nb_spectrum_localization_metrics.csv,tables/N95_nb_spectrum_localization_metrics.csv,csv,71.0,19.0,29e93f806b8d0691e2115ce9b61e942a5a14b9f406646281eeabef4fd29a7b5f,derived project table/figure; raw OSM/Geofabrik archives excluded
R95,160-versus-640 iteration stability audit for the non-backtracking proxy,data/R95_nonbacktracking_spectral_layer/R95_nb_iteration_stability_audit.csv,tables/R95_nb_iteration_stability_audit.csv,csv,71.0,16.0,0137dfc227b10f471a8c053bb82f1b95907db330ab5984faefcd4fe9f0950d41,derived project table/figure; raw OSM/Geofabrik archives excluded
R95,non-backtracking spectral audit summary metrics,data/R95_nonbacktracking_spectral_layer/R95_summary.json,tables/R95_R95_summary.json,json,1.0,22.0,b2893f6c1f0594e84f43561481f852f882b05fd215d453a9d0c2d3cadf9b047d,derived project table/figure; raw OSM/Geofabrik archives excluded
R95,non-backtracking iteration-stability summary metrics,data/R95_nonbacktracking_spectral_layer/R95_nb_iteration_stability_summary.json,tables/R95_nb_iteration_stability_summary.json,json,1.0,12.0,45931bd695645806d2572cc9d5076d6312746f098d3edcfe6b093a691723f101,derived project table/figure; raw OSM/Geofabrik archives excluded
R95,supplementary non-backtracking spectral audit figure,figures/Fig_R95_nonbacktracking_spectral_layer.svg,figures/FigS_R95_nonbacktracking_spectral_layer.svg,svg,,,26b4f3005255bd60cd7c5ae8c2d9443da3146c83c8d2cdea6223f526ffe6c6fb,derived project table/figure; raw OSM/Geofabrik archives excluded
R95,supplementary non-backtracking spectral audit figure,figures/Fig_R95_nonbacktracking_spectral_layer.pdf,figures/FigS_R95_nonbacktracking_spectral_layer.pdf,pdf,,,52f536e9b0a95ceb4122c35b579ba140fc70d7a53a1e7f5cbf5f11540133fc2a,derived project table/figure; raw OSM/Geofabrik archives excluded
R95,supplementary non-backtracking spectral audit figure,figures/Fig_R95_nonbacktracking_spectral_layer.png,figures/FigS_R95_nonbacktracking_spectral_layer.png,png,,,cfa46da2d755342669fe9a6b19128d877b25702bf87d1e8bc279cd9d317fd761,derived project table/figure; raw OSM/Geofabrik archives excluded
N99,71-city compact transfer-error correction predictions,data/N99_prediction_correction_law/N99_prediction_city_predictions.csv,tables/N99_prediction_city_predictions.csv,csv,71.0,29.0,11ee1f87cf3a234f4b7ea3cf591c84c511047ee389064b6bce82fdc2fd06d8da,derived project table/figure; raw OSM/Geofabrik/GHSL/WDI archives excluded
N99,prediction-correction model comparison,data/N99_prediction_correction_law/N99_prediction_model_comparison.csv,tables/N99_prediction_model_comparison.csv,csv,8.0,9.0,c60b78db267f3642d92f60114198dae0348166e16ebc1500bb7399c38fb5ea95,derived project table/figure; raw OSM/Geofabrik/GHSL/WDI archives excluded
N99,candidate feature-family comparison for the compact correction,data/N99_prediction_correction_law/N99_prediction_feature_group_comparison.csv,tables/N99_prediction_feature_group_comparison.csv,csv,8.0,9.0,87afae386616e23429ef8ae1dde994383b968f33dff453d8ae5987711beb9a80,derived project table/figure; raw OSM/Geofabrik/GHSL/WDI archives excluded
N99,standardized compact-correction coefficients,data/N99_prediction_correction_law/N99_prediction_feature_coefficients.csv,tables/N99_prediction_feature_coefficients.csv,csv,17.0,5.0,2ae0e4fca4ecfc316987fa8a53d49488e740acb526c483887c7be5b8e85698b9,derived project table/figure; raw OSM/Geofabrik/GHSL/WDI archives excluded
N99,leave-region-out diagnostics for the compact correction,data/N99_prediction_correction_law/N99_prediction_region_holdout.csv,tables/N99_prediction_region_holdout.csv,csv,7.0,6.0,6bc4ee37bb26a4798c5f159621d09b41deeae77869e7f21cde63b3ebf89b5b72,derived project table/figure; raw OSM/Geofabrik/GHSL/WDI archives excluded
N99,shuffled-label permutation audit for the compact correction,data/N99_prediction_correction_law/N99_prediction_permutation_baseline.csv,tables/N99_prediction_permutation_baseline.csv,csv,1001.0,14.0,f069c53a84df4d39838f8f4e2bf240523dda2f63648463b2f952c2b22791d694,derived project table/figure; raw OSM/Geofabrik/GHSL/WDI archives excluded
N99,leave-one-city-out coefficient-stability audit for the compact correction,data/N99_prediction_correction_law/N99_prediction_coefficient_stability.csv,tables/N99_prediction_coefficient_stability.csv,csv,288.0,14.0,204325b44380a74e6e47bdec1193bb9a36e622536f9a532cce355e82f112d8e8,derived project table/figure; raw OSM/Geofabrik/GHSL/WDI archives excluded
N99,prediction-correction summary metrics,data/N99_prediction_correction_law/N99_prediction_summary.json,tables/N99_prediction_summary.json,json,1.0,27.0,2f992dcda133843479179d43dccee1b542d825486601900d76bafebe16edd5c5,derived project table/figure; raw OSM/Geofabrik/GHSL/WDI archives excluded
N99,low-overlap strict-geometry surrogate audit records,data/N99_low_overlap_geometry_surrogate/N99_low_overlap_surrogate_records.csv,tables/N99_low_overlap_surrogate_records.csv,csv,24.0,41.0,63c03929a066b855d22da36f6bf527f848fe80f14dab916bd79a35d6caf9ffcc,derived project table/figure; raw OSM/Geofabrik/GHSL/WDI archives excluded
N99,low-overlap strict-geometry surrogate city summary,data/N99_low_overlap_geometry_surrogate/N99_low_overlap_surrogate_city_summary.csv,tables/N99_low_overlap_surrogate_city_summary.csv,csv,24.0,24.0,26a0c94d293cbfe45988621d59073f281f7284fb0e18c5a0e82c0d228c9e3c0c,derived project table/figure; raw OSM/Geofabrik/GHSL/WDI archives excluded
N99,low-overlap strict-geometry surrogate summary metrics,data/N99_low_overlap_geometry_surrogate/N99_low_overlap_surrogate_summary.json,tables/N99_low_overlap_surrogate_summary.json,json,1.0,19.0,d3b0bde1772376a26356503e14779518110c0cb2a1d016fc08fc2a203c44fbe9,derived project table/figure; raw OSM/Geofabrik/GHSL/WDI archives excluded
R100,source-data summary for the R100 main geometry contrast (manuscript Fig. 5),data/R100_main_figure_hardening/R100_geometry_null_contrast_source_data.csv,tables/R100_geometry_null_contrast_source_data.csv,csv,13.0,8.0,0441b8a72964a5346599f1b41e82d2d18aa47c2b7ed9434705aa77e84a81c0fd,derived project table/figure; raw OSM/Geofabrik/GHSL/WDI archives excluded
N99,supplementary compact transfer-error correction and permutation-audit figure,figures/Fig_N99_compact_correction.svg,figures/FigS_N99_compact_correction.svg,svg,,,874e4b61c05958e29a965956bb3cfdb8ee1905091460bfed71e1bb264e96389d,derived project table/figure; raw OSM/Geofabrik/GHSL/WDI archives excluded
N99,supplementary compact transfer-error correction and permutation-audit figure,figures/Fig_N99_compact_correction.pdf,figures/FigS_N99_compact_correction.pdf,pdf,,,ec6ba8e62589cea40f338c5c27a0bad1a3e0c7014e57dfd7540e001eba728853,derived project table/figure; raw OSM/Geofabrik/GHSL/WDI archives excluded
N99,supplementary compact transfer-error correction and permutation-audit figure,figures/Fig_N99_compact_correction.png,figures/FigS_N99_compact_correction.png,png,,,d506cc749644231a4e45574bb1b8b49922900dd94b6fadfb488eb7cc2f05ba8c,derived project table/figure; raw OSM/Geofabrik/GHSL/WDI archives excluded
N99,supplementary low-overlap strict-geometry surrogate audit figure,figures/Fig_N99_low_overlap_geometry_surrogate.svg,figures/FigS_N99_low_overlap_geometry_surrogate.svg,svg,,,8d314e19071df01d1e1921d437b42a8bd03757b8e8ac81d87ade13f35c0e3e78,derived project table/figure; raw OSM/Geofabrik/GHSL/WDI archives excluded
N99,supplementary low-overlap strict-geometry surrogate audit figure,figures/Fig_N99_low_overlap_geometry_surrogate.pdf,figures/FigS_N99_low_overlap_geometry_surrogate.pdf,pdf,,,699baa3c8760b2f4f1b38b5fd6997b40b3bf9565714a79ab7ff8daab53a32553,derived project table/figure; raw OSM/Geofabrik/GHSL/WDI archives excluded
N99,supplementary low-overlap strict-geometry surrogate audit figure,figures/Fig_N99_low_overlap_geometry_surrogate.png,figures/FigS_N99_low_overlap_geometry_surrogate.png,png,,,4a4e2927bca40c8fba9ebc274e02474d571de3fb17ffc3a7f97fae970d427427,derived project table/figure; raw OSM/Geofabrik/GHSL/WDI archives excluded
R80,registered derivative of Supplementary Fig. S1,source_data/figures/FigS_geometry_null_distance_audit.pdf,figures/FigS_geometry_null_distance_audit.pdf,pdf,,,dfafcea6162875d32bd4117364cee8bf167c0952aafc7f34effe91221a86fb32,derived project table/figure; raw OSM/Geofabrik/GHSL/WDI archives excluded
R80,registered derivative of Supplementary Fig. S1,source_data/figures/FigS_geometry_null_distance_audit.png,figures/FigS_geometry_null_distance_audit.png,png,,,3ec68d2c43bb72466867e84755dd04f53555efda0af2c983bbb90e575e90a75a,derived project table/figure; raw OSM/Geofabrik/GHSL/WDI archives excluded
N99,figure-to-source-data map,source_data/Figure_Source_Data_Map.csv,Figure_Source_Data_Map.csv,csv,21.0,4.0,16aba8de9671963af17d381d97beb4a312993f9e74277ee333881fddb573cbd9,derived project table; raw OSM/Geofabrik/GHSL/WDI archives excluded
R103,71-city planar-lattice anchor predictions and residuals,data/R103_planar_lattice_anchor/R103_city_lattice_anchor.csv,tables/R103_city_lattice_anchor.csv,csv,71.0,17.0,3a9296c4ee74787532aa6223f66f47f7d226c035a30ce73e6f4a8d50bfaa352c,derived project table; analytic lattices and registered city tables only
R103,vertex-split lattice interpolation family thresholds,data/R103_planar_lattice_anchor/R103_vertex_split_interpolation.csv,tables/R103_vertex_split_interpolation.csv,csv,6.0,7.0,6d9f4d92701d86288dfa039e314fded52bfaffb121d3c6e58888af5ff90f0975,derived project table; analytic lattices and registered city tables only
R103,planar-lattice anchor summary metrics and estimator calibration,data/R103_planar_lattice_anchor/R103_summary.json,tables/R103_summary.json,json,1.0,19.0,6fefc4bd650417495c20c7170e8d35f6e62156a68018ecb5e0aff3a1a08b238a,derived project table; analytic lattices and registered city tables only
R105,universality-class Fisher-exponent table,data/R105_finite_size_scaling/R105_fisher_exponents.csv,tables/R105_fisher_exponents.csv,csv,7.0,3.0,92a5fcbce3d7b44afc2d57590e6b27f72e6d6999a4a7a18cae30391419f13bc5,derived project table; analytic lattices + cached graph node coordinates only
R105,universality-class test summary metrics,data/R105_finite_size_scaling/R105_summary.json,tables/R105_summary.json,json,1.0,10.0,28a6b705273e3642ad2c4b4a6ae8192e6bdbed827751cdcd1d0afbf09a22d510,derived project table; analytic lattices + cached graph node coordinates only
R123,street-form bottleneck city scores,data/R123_street_form_subgroup/R123_street_form_subgroup_city_scores.csv,tables/R123_street_form_subgroup_city_scores.csv,csv,71.0,17.0,6886f768b2d761cbced8eba753a9901a66e1158808fdb2a182f83b5f308d5fa0,derived project table; raw OSM/Geofabrik/GHSL/WDI archives excluded
R123,street-form bottleneck quartile summary,data/R123_street_form_subgroup/R123_street_form_subgroup_quartiles.csv,tables/R123_street_form_subgroup_quartiles.csv,csv,16.0,6.0,941b9d1e55304a06e021cdef875dc1badf7b598bc6a9862b209402fa44b52fdc,derived project table; raw OSM/Geofabrik/GHSL/WDI archives excluded
R123,street-form bottleneck correlations,data/R123_street_form_subgroup/R123_street_form_subgroup_correlations.csv,tables/R123_street_form_subgroup_correlations.csv,csv,4.0,5.0,0db46b2bb4b5fdf9dfd0fa7cd197fba26dc4f68de2af818a2fd1828c2bbe78d9,derived project table; raw OSM/Geofabrik/GHSL/WDI archives excluded
R123,street-form bottleneck JSON summary,data/R123_street_form_subgroup/R123_summary.json,tables/R123_summary.json,json,1.0,15.0,b8a03616db1e8f77b3e70f1f01876d8cfbe23b040d0de859ad5adadcc15570a7,derived project table; raw OSM/Geofabrik/GHSL/WDI archives excluded
R123,Supplementary Fig. S8 street-form subgroup stress-test figure,figures/Fig_R123_street_form_subgroup.svg,figures/FigS_R123_street_form_subgroup.svg,svg,,,4b273ae559ae7cf7e9a28aab9f5c6eb12e6f69266f4affe858c1d0b80adf95d2,derived project figure; raw OSM/Geofabrik/GHSL/WDI archives excluded
R123,Supplementary Fig. S8 street-form subgroup stress-test figure,figures/Fig_R123_street_form_subgroup.pdf,figures/FigS_R123_street_form_subgroup.pdf,pdf,,,826d15de76b0e7d462eba9799df1f9aca179618dc249b4bf0cd04d50f6ac1cdb,derived project figure; raw OSM/Geofabrik/GHSL/WDI archives excluded
R123,Supplementary Fig. S8 street-form subgroup stress-test figure,figures/Fig_R123_street_form_subgroup.png,figures/FigS_R123_street_form_subgroup.png,png,,,03657a16de08f37c34291d5b3065e612d578c4deb019cbd899f0555f0b03bd96,derived project figure; raw OSM/Geofabrik/GHSL/WDI archives excluded
R106,"second-domain power-grid percolation, anchor and Fisher-exponent results",data/R106_second_domain_power/R106_power_grid_percolation.csv,tables/R106_power_grid_percolation.csv,csv,10.0,19.0,20e04496250206218039939b8fafafe8461b9cf88fae9254e98d1f433386dd96,"derived results only; PEGASE grids loaded from pandapower dependency, not redistributed"
R106,second-domain power-grid summary metrics,data/R106_second_domain_power/R106_summary.json,tables/R106_summary.json,json,1.0,22.0,b0531d2cf2dc87425cc0a20ced00556696fe6511627343cd8af402ed9b7d0388,"derived results only; PEGASE grids loaded from pandapower dependency, not redistributed"
R107,planarity-dial Fisher exponents vs added-crossing fraction,data/R107_planarity_dial/R107_planarity_dial.csv,tables/R107_planarity_dial.csv,csv,24.0,6.0,751b1731d26f94f3d7c5c7b9454919ebf8773ca421736d0bb1dc6520740d6405,"derived results; cached graph node coordinates only, not redistributed"
R107,planarity-dial summary and universality-origin metrics,data/R107_planarity_dial/R107_summary.json,tables/R107_summary.json,json,1.0,9.0,631f490abf4ca74124ca082e6283edf8c67908f2625a9c183939a47bf7ecc60a,"derived results; cached graph node coordinates only, not redistributed"
R108,"per-city derived 2/<k>, CEBH, anchor and effective dimension",data/R108_effective_dimension/R108_road_effective_dimension.csv,tables/R108_road_effective_dimension.csv,csv,71.0,10.0,2aed40554ae7657796000e26bc907de5b25fa6c3efcaf7b2873ea6348538bbff,derived results from registered tables and analytic lattices
R108,planarity-dial effective dimension and Fisher exponent,data/R108_effective_dimension/R108_dial_effective_dimension.csv,tables/R108_dial_effective_dimension.csv,csv,24.0,6.0,7ddb9259e92078d44c1877c89510390e8e7b67762283370ec54f001aa6a328d2,derived results from registered tables and analytic lattices
R108,effective-dimension theory summary: derived-law accuracy and unification,data/R108_effective_dimension/R108_summary.json,tables/R108_summary.json,json,1.0,6.0,52c8989435554eb15ef0bf40249956085485426272f2cf45fa26bf038e601b07,derived results from registered tables and analytic lattices
R109,81-network tolerable-failure-fraction screening (roads + power),data/R109_resilience_screening/R109_resilience_population.csv,tables/R109_resilience_population.csv,csv,81.0,9.0,7de29454912703b6dda9bd06e22e5c37185f7be64f42273d672cf3b3f0104635,derived results from registered tables; no external data
R109,resilience-screening summary: CEBH over-rating and ranking diagnostics,data/R109_resilience_screening/R109_summary.json,tables/R109_summary.json,json,1.0,14.0,789678b8986500cf0a165ef9f7069c914019a76e9667cdd4063afdf505aaca0b,derived results from registered tables; no external data
R109,Supplementary Fig. S10 resilience-screening consequence figure,figures/Fig_R109_resilience_screening.svg,figures/FigS_R109_resilience_screening.svg,svg,,,55f0fedf8cbfdf32f59827adfa2860a54dff1dbcee323b3a2bc8b4d397083374,derived project figure; raw third-party network archives excluded
R109,Supplementary Fig. S10 resilience-screening consequence figure,figures/Fig_R109_resilience_screening.pdf,figures/FigS_R109_resilience_screening.pdf,pdf,,,69e4c6547183f4eba83d57dcaf477f738913abf8c9e0b409ee1698d7a3aa1664,derived project figure; raw third-party network archives excluded
R109,Supplementary Fig. S10 resilience-screening consequence figure,figures/Fig_R109_resilience_screening.png,figures/FigS_R109_resilience_screening.png,png,,,489b83869fdbf9d5cfe5507d9a6b27018f3398d699a311062e11bbe65efc1373,derived project figure; raw third-party network archives excluded
R110,real-network consistency between threshold-route and exponent-route effective dimension,data/R110_dimension_consistency/R110_real_network_consistency.csv,tables/R110_real_network_consistency.csv,csv,15.0,12.0,07739c457f4d15a55c3baffeb32a94adb0fb267822d33c6ed654c1139da4f120,"derived results from registered planarity-dial, road and power tables; no raw graph archives redistributed"
R110,planarity-dial calibration table for tau_F-to-d map,data/R110_dimension_consistency/R110_calibration_dial.csv,tables/R110_calibration_dial.csv,csv,24.0,6.0,75889956f1851ce7b07b8796ef2db8dcfb35f5568f733922c0ced1fc3fdad5ee,derived results from registered planarity-dial tables
R110,effective-dimension consistency summary metrics,data/R110_dimension_consistency/R110_summary.json,tables/R110_summary.json,json,1.0,15.0,6f7a357388cd8a1412ae240876811b33e45256c1a3a8442697e82d0b79b6b13c,"derived results from registered planarity-dial, road and power tables"
R110,Supplementary Fig. S11 effective-dimension consistency figure,figures/Fig_R110_dimension_consistency.svg,figures/FigS_R110_dimension_consistency.svg,svg,,,932164e8b88f2628eab36eaaac865d345c29621046396affebeffd5346dcad38,derived project figure; raw graph archives excluded
R110,Supplementary Fig. S11 effective-dimension consistency figure,figures/Fig_R110_dimension_consistency.pdf,figures/FigS_R110_dimension_consistency.pdf,pdf,,,d4b79dabe52df6c40551b48d73ae6a7474f7a6d74988eaac97bd3148a66f1911,derived project figure; raw graph archives excluded
R110,Supplementary Fig. S11 effective-dimension consistency figure,figures/Fig_R110_dimension_consistency.png,figures/FigS_R110_dimension_consistency.png,png,,,b8e095838a83607c6f1013dbc9121d6a4dedf43fb8a07ace36a2eb00593107e7,derived project figure; raw graph archives excluded
R111,held-out water-domain percolation results,data/R111_third_domain_water/R111_water_percolation.csv,tables/R111_water_percolation.csv,csv,7.0,21.0,67d759920ee7634a31b95f9fa7b5a1cfae00d2a686c79669f93bdfe1a40e6cec,derived results only; water network examples loaded from distributing packages and not redistributed
R111,held-out water-domain summary metrics,data/R111_third_domain_water/R111_summary.json,tables/R111_summary.json,json,1.0,26.0,54448ef889ad4dd5e72a7f95822859c0d04c6126c3bcef52b38661cd8beaab26,derived results only; water network examples loaded from distributing packages and not redistributed
R111,Supplementary Fig. S12 held-out water-domain figure,figures/Fig_R111_third_domain_water.svg,figures/FigS_R111_third_domain_water.svg,svg,,,76d711cc5e4371d588862a65962a30b054a1977efe08919b7a8200818108bf6c,derived project figure; raw water-network archives excluded
R111,Supplementary Fig. S12 held-out water-domain figure,figures/Fig_R111_third_domain_water.pdf,figures/FigS_R111_third_domain_water.pdf,pdf,,,7026b4e877eb2eaecf8928aa2ed08870264fb401aa0d035dd28e63054921ea6f,derived project figure; raw water-network archives excluded
R111,Supplementary Fig. S12 held-out water-domain figure,figures/Fig_R111_third_domain_water.png,figures/FigS_R111_third_domain_water.png,png,,,b2b9f35e54a81fa2a1623940ae63dfaba277c5b6b7ebf1a7de8836d1c5ee3a7f,derived project figure; raw water-network archives excluded
R112,held-out rail-domain percolation results,data/R112_fourth_domain_rail/R112_rail_percolation.csv,tables/R112_rail_percolation.csv,csv,6.0,20.0,9a8e6e0bb18eb55abee156c3febef73ba54adb55160dfc79077b87d5c6fd4ac7,derived results only; raw OSM railway data not redistributed
R112,held-out rail-domain summary metrics,data/R112_fourth_domain_rail/R112_summary.json,tables/R112_summary.json,json,1.0,25.0,2026aeb61ee09cd10f20307e921a11a2e8bd585416d748d8702a314396038ab2,derived results only; raw OSM railway data not redistributed
R112,Supplementary Fig. S13 held-out rail-domain figure,figures/Fig_R112_fourth_domain_rail.svg,figures/FigS_R112_fourth_domain_rail.svg,svg,,,7c2fc2540d39ae0a305e71fa8ccc78b9c2b314b10808bc8050cdeec56ca019f0,derived project figure; raw OSM railway data not redistributed
R112,Supplementary Fig. S13 held-out rail-domain figure,figures/Fig_R112_fourth_domain_rail.pdf,figures/FigS_R112_fourth_domain_rail.pdf,pdf,,,3d9039255a22fa13bb7b04f84f18741bfdf4c7c72e2f6ac9cb36a0130f598baf,derived project figure; raw OSM railway data not redistributed
R112,Supplementary Fig. S13 held-out rail-domain figure,figures/Fig_R112_fourth_domain_rail.png,figures/FigS_R112_fourth_domain_rail.png,png,,,8ac0ba87fcaf5cd18f657288b457f6249056be779a2246fb060986480d898699,derived project figure; raw OSM railway data not redistributed
R205,measured crossing-density and dose-response,data/R205_measured_geometry_dose_response/R205_S1_crossing_density_71cities.csv,tables/R205_S1_crossing_density_71cities.csv,csv,71,26,d25d5c337673b71f7fd11f63cc6e8230073411e7bc17f41e82fdfde11b096630,derived project table; raw third-party archives and active submission files excluded
R205,measured crossing-density and dose-response,data/R205_measured_geometry_dose_response/R205_S1_dose_response_summary.json,tables/R205_S1_dose_response_summary.json,json,1,30,060a74194acc95ed59d13b4acaffea61289f1d3b5bda522de097d31f1c070182,derived project table; raw third-party archives and active submission files excluded
R205,measured crossing-density and dose-response,data/R205_measured_geometry_dose_response/R205_S1c_confound_controls.json,tables/R205_S1c_confound_controls.json,json,1,28,ba708331593040d4cc8ff538a65d69c6056b841bb5ac2fa68caed5703d759ad7,derived project table; raw third-party archives and active submission files excluded
R205,measured crossing-density and dose-response,data/R205_measured_geometry_dose_response/R205_S1d_crossing_length_decomposition.csv,tables/R205_S1d_crossing_length_decomposition.csv,csv,71,16,361e3aa55c1915c0a617d16d1b2c2fbfd8146bc95af04c578e02edd5155fb07b,derived project table; raw third-party archives and active submission files excluded
R205,measured crossing-density and dose-response,data/R205_measured_geometry_dose_response/R205_S1d_summary.json,tables/R205_S1d_summary.json,json,1,12,c6de634e788ba658302b8bf2b1c265d456cc6979aea57f7b61094d05559c9847,derived project table; raw third-party archives and active submission files excluded
R205,measured crossing-density and dose-response,data/R205_measured_geometry_dose_response/R205_S2_matched_dial.csv,tables/R205_S2_matched_dial.csv,csv,45,11,56d15e197f41770b0d5dae56dc8e3210f381fd612fb2377f95f7ee52b11590d2,derived project table; raw third-party archives and active submission files excluded
R205,measured crossing-density and dose-response,data/R205_measured_geometry_dose_response/R205_S2_planar_family_anchor.csv,tables/R205_S2_planar_family_anchor.csv,csv,14,9,da66692be87c263e1bf63cf450d8f54fdebb3d20dfdc3f87b8b8d979fed862bb,derived project table; raw third-party archives and active submission files excluded
R205,measured crossing-density and dose-response,data/R205_measured_geometry_dose_response/R205_S2b_chi_targeted_dial.csv,tables/R205_S2b_chi_targeted_dial.csv,csv,24,9,64da56b288ef7a8bab0d1778c888c2fa3ce157654910d2dc2ff01e1b372f1215,derived project table; raw third-party archives and active submission files excluded
R205,measured crossing-density and dose-response,data/R205_measured_geometry_dose_response/R205_S3_cross_domain_nonplanarity.csv,tables/R205_S3_cross_domain_nonplanarity.csv,csv,27,23,742a59fea9906c7bbc3c4639f96f34a5326031da5e7ea993f4618039dac24d9a,derived project table; raw third-party archives and active submission files excluded
R205,measured crossing-density and dose-response,data/R205_measured_geometry_dose_response/R205_S3_summary.json,tables/R205_S3_summary.json,json,1,8,e82d66b53bcc474ec84498850645ff353f30ac4ecb74283934142af239d16ace,derived project table; raw third-party archives and active submission files excluded
R205,measured crossing-density and dose-response,data/R205_measured_geometry_dose_response/R205_S4_decision_experiment.json,tables/R205_S4_decision_experiment.json,json,1,12,119102f8925da2125b284d6c481023b7d86423237b6a760637115371ff2411af,derived project table; raw third-party archives and active submission files excluded
R206,RESS reframe and decision-validity derived table,data/R206_R208_ress_reframe/R206_A1_dial_fine_grid.csv,tables/R206_A1_dial_fine_grid.csv,csv,60,9,72598a43bae69015fbc7ea37198929b381048935763d260df03b1a8bb2a00de0,derived project table; raw third-party archives and active submission files excluded
R206,RESS reframe and decision-validity derived table,data/R206_R208_ress_reframe/R206_A2_rail_artifact_validation.csv,tables/R206_A2_rail_artifact_validation.csv,csv,7,14,c45f609d9437f82ea607e6d39ce2e6056789e0a0853ca668def25db0c26eb01b,derived project table; raw third-party archives and active submission files excluded
R206,RESS reframe and decision-validity derived table,data/R206_R208_ress_reframe/R206_A2_summary.json,tables/R206_A2_summary.json,json,1,6,c8537f9bc29c0b245a094d8afdb890a972d196a9fd296017f217d6dc738aef4d,derived project table; raw third-party archives and active submission files excluded
R206,RESS reframe and decision-validity derived table,data/R206_R208_ress_reframe/R206_A3_flip_threshold_sweep.csv,tables/R206_A3_flip_threshold_sweep.csv,csv,84,5,6179e425faa221c6962fdc905984647b4a6d8d6bfca876afde42b74bfd2be5ec,derived project table; raw third-party archives and active submission files excluded
R206,RESS reframe and decision-validity derived table,data/R206_R208_ress_reframe/R206_A3_summary.json,tables/R206_A3_summary.json,json,1,4,77a88260094e3c909920f1a9a4126f5d99a34ae32da470d8e333a10f157dfda8,derived project table; raw third-party archives and active submission files excluded
R206,RESS reframe and decision-validity derived table,data/R206_R208_ress_reframe/R206_A4_reliability_refs_verified.csv,tables/R206_A4_reliability_refs_verified.csv,csv,13,11,5d2867eff897af0b0d01260beff181435f3848deb3767ba801abc5f47bb13830,derived project table; raw third-party archives and active submission files excluded
R208,RESS reframe and decision-validity derived table,data/R206_R208_ress_reframe/R208_A4b_new_refs_verified.csv,tables/R208_A4b_new_refs_verified.csv,csv,10,10,d244befe0b71dc2c599aae39eb1e74cdb51e72fd137f02c38663353541d8cfc5,derived project table; raw third-party archives and active submission files excluded
R208,RESS reframe and decision-validity derived table,data/R206_R208_ress_reframe/R208_A5_dial_breadth.csv,tables/R208_A5_dial_breadth.csv,csv,24,9,ee84329560f9b37c9e1fa23acb4989702574afa061c1275af694ed707f4f2242,derived project table; raw third-party archives and active submission files excluded
R208,RESS reframe and decision-validity derived table,data/R206_R208_ress_reframe/R208_A6_window_sensitivity.csv,tables/R208_A6_window_sensitivity.csv,csv,12,16,88318cc4d38de7ef8f6939754754a6a4dc3eb7e321bb89c6016a631d5e373fb9,derived project table; raw third-party archives and active submission files excluded
R208,RESS reframe and decision-validity derived table,data/R206_R208_ress_reframe/R208_A7_review_response_stats.json,tables/R208_A7_review_response_stats.json,json,1,10,3edd93f6eaede7cdc55a9e21b94edeea71d0ebbfa0ddc2a9fd1955f8e54216a2,derived project table; raw third-party archives and active submission files excluded
R208,RESS reframe and decision-validity derived table,data/R206_R208_ress_reframe/R208_A8_midrange_dial.csv,tables/R208_A8_midrange_dial.csv,csv,12,7,4dbd4e789b45cd17928c5d4793f26500f7b48d2fc0e12593b955afd5d2960194,derived project table; raw third-party archives and active submission files excluded
